{"cameraMode":{"drawMode":0,"name":"Shaded","section":"Shading Mode"},"sceneLighting":true,"audioPlay":false,"sceneViewState":{"showFog":true,"showMaterialUpdate":false,"showSkybox":true,"showFlares":true,"showImageEffects":true,"showParticleSystems":true,"showVisualEffectGraphs":true,"m_FxEnabled":true},"in2DMode":false,"pivot":{"x":-2.8370985984802248,"y":18.74498176574707,"z":-15.75662612915039},"rotation":{"x":0.17888951301574708,"y":-0.05633806437253952,"z":0.010514937341213227,"w":0.9814226031303406},"size":11.222814559936524,"orthographic":false}